Title Name,Price
DO EPIC SHIT,₹327.00
Atomic Habits: The life-changing million copy…,₹482.00
The Psychology of Money,₹301.00
Ikigai: The Japanese secret to a long and…,₹299.00
Word Power Made Easy,₹92.00
Rich Dad Poor Dad: What the Rich Teach…,₹302.00
Grandma's Bag of Stories: Collection of 20+…,₹186.00
Life's Amazing Secrets: How to Find Balance…,₹147.00
The Alchemist,₹229.00
It Ends With Us: A Novel,₹297.00
The Power of Your Subconscious Mind,₹125.00
400 Days,₹155.00
The Almanack Of Naval Ravikant: A Guide to…,₹269.00
World’s Greatest Books For Personal Growth…,₹346.00
The Subtle Art of Not Giving a F*ck: A…,₹287.00
27 Years UPSC IAS/ IPS Prelims Topic-wise…,₹305.00
My First Library: Boxset of 10 Board Books for…,₹449.00
Karma: A Yogi's Guide to Crafting Your…,₹148.00
Attitude Is Everything: Change Your Attitude ...…,₹165.00
Quantitative Aptitude for Competitive…,₹467.00
Eat That Frog!: 21 Great Ways to Stop…,₹146.00
As a Man Thinketh,₹59.00
Sapiens: A Brief History of Humankind,₹372.00
The Intelligent Investor (English) Paperback –…,₹484.00
My First Book of Pencil Control : Practice…,₹89.00
How to Win Friends and Influence People,₹78.00
General Knowledge 2022,₹140.00
My First Mythology Tale (Illustrated) (Set of 5…,₹191.00
Educart TERM 2 Objective & Subjective…,₹733.00
Diary of a Wimpy Kid: Big Shot (Book 16),₹277.00
I Came Upon a Lighthouse: A Short Memoir of…,₹363.00
Picture Books Collection for Early Learning…,₹240.00
Man's Search For Meaning: The classic tribute…,₹237.00
Tirumala Tirupati Devasthanams Tirupati 130…,₹315.00
Oswaal CBSE Question Bank Chapterwise…,₹848.00
"India that is Bharat: Coloniality, Civilisation,…",₹509.00
General Knowledge,₹180.00
Grandparents' Bag of Stories,₹140.00
The Power of Your Subconscious Mind,₹99.00
Very First Sight Words Sentences Level 1,₹110.00
Think Like a Monk: The secret of how to…,₹320.00
Deep Work: Rules for Focused Success in a…,₹325.00
Death; An Inside Story: A book for all those…,₹148.00
Moral Story Books for Kids (Pack of 10 Books)…,₹225.00
Indian Polity - For Civil Services and Other…,₹641.00
The Compound Effect,₹180.00
"My Life in Full: Work, Family, and Our Future…",₹471.00
The Richest Man in Babylon,₹99.00
Harry Potter and the Philosopher's Stone,₹298.00
Think and Grow Rich,₹170.00
